{
  "data": {
    "Pro-Duterte": {
      "Religious Affiliation": {
        "Catholic": 0.8668462574562247,
        "Born-Again": 0.02828554935539734,
        "INC": 0.01924187030979411,
        "Islam": 0.0856263228785838
      },
      "Region": {
        "PH-15": 0.010189259363565429,
        "PH-00": 0.08081261270709195,
        "PH-01": 0.028878018153980677,
        "PH-02": 0.008310938052900669,
        "PH-08": 0.035087694929226976,
        "PH-09": 0.07020942119297885,
        "Negros Island Region": 0.06709034520621773,
        "PH-10": 0.08025283198000902,
        "PH-11": 0.08208809323474432,
        "PH-06": 0.027213955347416514,
        "PH-12": 0.065720410362333,
        "PH-13": 0.050251085269675755,
        "PH-03": 0.08918952987794904,
        "PH-05": 0.03186305235373558,
        "PH-41": 0.02351808296631002,
        "PH-40": 0.11122620801687953,
        "PH-07": 0.08389904639339041,
        "PH-14": 0.05419941459159446
      },
      "Generation": {
        "Boomers": 0.15651222181685515,
        "Gen X": 0.21397300255381246,
        "Millenials": 0.4339657059467347,
        "Gen Z": 0.19554906968259758
      },
      "Gender": { "Female": 0.5145844799119428, "Male": 0.4854155200880572 },
      "Social Status": {
        "Poor": 0.4418264840182648,
        "Economically Well-off": 0.0263013698630137,
        "Middle Class": 0.5318721461187215
      },
      "Locale": { "Urban": 0.3986856516976999, "Rural": 0.6013143483023001 }
    },
    "Pro-Marcos": {
      "Religious Affiliation": {
        "Catholic": 0.9227095093356491,
        "Born-Again": 0.03907946157186278,
        "INC": 0.025184541901867127,
        "Islam": 0.013026487190620929
      },
      "Region": {
        "PH-15": 0.025452417903975733,
        "PH-00": 0.12226104132440893,
        "PH-01": 0.09943110486179363,
        "PH-02": 0.11006052432092478,
        "PH-08": 0.07418274630401495,
        "PH-09": 0.005198730687098109,
        "Negros Island Region": 0.0019250129729135135,
        "PH-10": 0.00600699700367546,
        "PH-11": 0.0019425493229773218,
        "PH-06": 0.08463361383522368,
        "PH-12": 0.004866337142706832,
        "PH-13": 0.0024805964272078067,
        "PH-03": 0.14759469031204342,
        "PH-05": 0.07052721442253199,
        "PH-41": 0.04142962702574735,
        "PH-40": 0.16650764385586078,
        "PH-07": 0.025489084817745512,
        "PH-14": 0.01001006745915027
      },
      "Generation": {
        "Boomers": 0.34244846445098864,
        "Gen X": 0.26125368111064373,
        "Millenials": 0.29533024821203196,
        "Gen Z": 0.10096760622633572
      },
      "Gender": { "Female": 0.4891576313594662, "Male": 0.5108423686405338 },
      "Social Status": {
        "Poor": 0.342809364548495,
        "Economically Well-off": 0.025083612040133776,
        "Middle Class": 0.6321070234113713
      },
      "Locale": { "Urban": 0.34054054054054056, "Rural": 0.6594594594594595 }
    }
  }
}
